cell_id,p_hotspot_next
3409.0_417.0,0.5987111
3574.0_452.0,0.591686
3414.0_422.0,0.5827211
3579.0_452.0,0.5777272
3549.0_372.0,0.57131755
3574.0_432.0,0.5653444
3449.0_447.0,0.56533
3649.0_197.0,0.5628507
3444.0_442.0,0.5614865
3614.0_297.0,0.55773926
3644.0_102.0,0.520572
3459.0_447.0,0.51894456
3434.0_452.0,0.5182083
3429.0_442.0,0.510199
3574.0_332.0,0.50296384
3589.0_312.0,0.502015
3414.0_407.0,0.49954253
3404.0_422.0,0.4991599
3644.0_197.0,0.4963524
3449.0_437.0,0.495688
3579.0_322.0,0.49393043
3454.0_452.0,0.49280632
3639.0_107.0,0.49130908
3449.0_442.0,0.4901811
3614.0_312.0,0.48764148
3584.0_432.0,0.48620525
3469.0_457.0,0.47946256
3419.0_382.0,0.47909737
3444.0_452.0,0.47884244
3414.0_417.0,0.4781883
3549.0_447.0,0.4726542
3429.0_387.0,0.4673832
3539.0_457.0,0.466694
3609.0_302.0,0.4646064
3569.0_442.0,0.4638326
3459.0_457.0,0.46164382
3424.0_437.0,0.46091735
3644.0_192.0,0.4585782
3434.0_427.0,0.45653522
3544.0_447.0,0.45576024
3654.0_207.0,0.45483607
3629.0_222.0,0.4542796
3434.0_447.0,0.45262337
3409.0_407.0,0.45244455
3569.0_362.0,0.45186168
3564.0_342.0,0.4489544
3574.0_447.0,0.44754997
3474.0_457.0,0.44626442
3609.0_292.0,0.444607
3444.0_447.0,0.443192
3629.0_172.0,0.44184726
3539.0_447.0,0.4414685
3639.0_102.0,0.44005877
3509.0_447.0,0.4362281
3604.0_237.0,0.43600795
3424.0_382.0,0.4333952
3429.0_447.0,0.43332237
3539.0_452.0,0.43163577
3439.0_432.0,0.4302498
3439.0_437.0,0.42469758
3629.0_197.0,0.42364207
3629.0_162.0,0.4232716
3409.0_412.0,0.4228713
3569.0_432.0,0.4228467
3569.0_342.0,0.42220888
3574.0_427.0,0.42103335
3579.0_447.0,0.4190967
3434.0_437.0,0.4181748
3544.0_372.0,0.41577515
3594.0_292.0,0.4156238
3564.0_332.0,0.41451958
3639.0_187.0,0.41316378
3614.0_207.0,0.41137466
3599.0_227.0,0.41120327
3589.0_432.0,0.41055688
3544.0_452.0,0.40908897
3424.0_442.0,0.40840882
3609.0_317.0,0.40740073
3439.0_442.0,0.4067458
3439.0_412.0,0.40526736
3579.0_457.0,0.40377444
3569.0_447.0,0.40328693
3569.0_372.0,0.4030104
3564.0_372.0,0.4012101
3544.0_457.0,0.39715102
3549.0_382.0,0.39147678
3574.0_392.0,0.39088973
3584.0_287.0,0.39088953
3439.0_457.0,0.3901961
3629.0_167.0,0.38966852
3419.0_422.0,0.3882754
3564.0_352.0,0.38630965
3639.0_97.0,0.3857322
3449.0_452.0,0.3832346
3569.0_382.0,0.38247222
3554.0_347.0,0.37851846
3429.0_452.0,0.37842706
3579.0_192.0,0.37841454
3609.0_237.0,0.37797427
3554.0_437.0,0.37789527
3414.0_427.0,0.3774416
3419.0_417.0,0.37685516
3614.0_247.0,0.3764508
3409.0_427.0,0.37389946
3569.0_452.0,0.37258098
3459.0_442.0,0.37015894
3589.0_337.0,0.36999983
3579.0_332.0,0.36915997
3564.0_242.0,0.36678526
3634.0_282.0,0.36550868
3559.0_367.0,0.36425382
3574.0_342.0,0.36423263
3619.0_252.0,0.36372486
3564.0_362.0,0.3630269
3524.0_427.0,0.36239463
3464.0_452.0,0.36195022
3469.0_452.0,0.36057046
3619.0_142.0,0.36025047
3579.0_442.0,0.36002043
3434.0_432.0,0.35943162
3604.0_302.0,0.35810658
3534.0_457.0,0.35371152
3544.0_202.0,0.35309422
3429.0_377.0,0.35173276
3574.0_372.0,0.35161158
3554.0_192.0,0.3499826
3434.0_457.0,0.34989575
3419.0_437.0,0.34931725
3544.0_192.0,0.34928513
3574.0_377.0,0.3488592
3639.0_167.0,0.3487024
3564.0_382.0,0.34755972
3429.0_427.0,0.34755382
3619.0_262.0,0.34735522
3589.0_212.0,0.34667835
3569.0_177.0,0.34624836
3549.0_457.0,0.34428555
3419.0_427.0,0.343575
3554.0_382.0,0.34279722
3414.0_397.0,0.3426039
3634.0_107.0,0.3422538
3569.0_367.0,0.34165215
3644.0_262.0,0.34147972
3584.0_337.0,0.34058943
3514.0_457.0,0.3394625
3514.0_447.0,0.33934414
3414.0_412.0,0.33799082
3589.0_452.0,0.33710366
3594.0_207.0,0.3368838
3604.0_282.0,0.33213335
3599.0_272.0,0.332034
3439.0_452.0,0.32772866
3554.0_177.0,0.32723618
3464.0_447.0,0.32589313
3589.0_412.0,0.32578692
3429.0_432.0,0.32439965
3654.0_227.0,0.32336125
3439.0_427.0,0.3222542
3649.0_222.0,0.32061335
3569.0_332.0,0.32030237
3444.0_402.0,0.31905705
3434.0_442.0,0.3173031
3574.0_387.0,0.31655732
3629.0_192.0,0.31648123
3574.0_182.0,0.31634355
3584.0_322.0,0.31616974
3544.0_382.0,0.3150355
3604.0_137.0,0.31480277
3579.0_372.0,0.3141249
3634.0_187.0,0.31297812
3589.0_347.0,0.31292284
3574.0_457.0,0.31288886
3604.0_202.0,0.3124594
3589.0_342.0,0.3109086
3539.0_247.0,0.3100362
3444.0_437.0,0.30982348
3454.0_442.0,0.30976334
3564.0_357.0,0.30957216
3549.0_442.0,0.3089314
3509.0_452.0,0.3060627
3614.0_217.0,0.30570063
3579.0_342.0,0.30417055
3424.0_392.0,0.30282307
3544.0_197.0,0.30217162
3584.0_327.0,0.30155787
3564.0_377.0,0.301179
3459.0_452.0,0.30111217
3534.0_442.0,0.30041552
3529.0_422.0,0.2995413
3599.0_292.0,0.29872993
3429.0_392.0,0.29736677
3624.0_262.0,0.29649287
3414.0_432.0,0.2963868
3659.0_237.0,0.29631144
3579.0_242.0,0.29593137
3564.0_447.0,0.29567802
3574.0_442.0,0.2944483
3644.0_207.0,0.29412535
3564.0_187.0,0.2940976
3439.0_447.0,0.2939359
3439.0_407.0,0.2937842
3614.0_177.0,0.29291487
3589.0_222.0,0.29284012
3539.0_252.0,0.2924951
3624.0_272.0,0.29219976
3464.0_457.0,0.2918785
3634.0_172.0,0.29161772
3444.0_407.0,0.2914118
3579.0_312.0,0.29133323
3594.0_237.0,0.2911394
3624.0_167.0,0.29113346
3619.0_117.0,0.29095432
3594.0_202.0,0.29088074
3539.0_442.0,0.28935224
3664.0_232.0,0.28861552
3419.0_392.0,0.28859648
3454.0_437.0,0.28830415
3409.0_402.0,0.28826237
3619.0_172.0,0.28774297
3519.0_457.0,0.28679693
3579.0_387.0,0.28674516
3559.0_312.0,0.28656885
3579.0_432.0,0.28637722
3649.0_177.0,0.28562564
3634.0_177.0,0.2855969
3639.0_157.0,0.28540668
3569.0_457.0,0.28523192
3564.0_452.0,0.28468654
3489.0_452.0,0.28408393
3419.0_402.0,0.2836276
3474.0_452.0,0.28315255
3564.0_367.0,0.2818444
3584.0_252.0,0.2813577
3624.0_252.0,0.2800367
3544.0_362.0,0.27968308
3539.0_392.0,0.27963573
3554.0_432.0,0.27941298
3514.0_442.0,0.27867046
3544.0_442.0,0.27827367
3559.0_177.0,0.27810475
3439.0_402.0,0.27778932
3429.0_422.0,0.27764508
3499.0_442.0,0.27678606
3449.0_432.0,0.27655256
3594.0_222.0,0.2749681
3624.0_172.0,0.27469596
3469.0_447.0,0.27466917
3629.0_187.0,0.27444234
3594.0_142.0,0.27439788
3604.0_227.0,0.27264985
3589.0_257.0,0.27240217
3584.0_277.0,0.27215526
3584.0_232.0,0.27198714
3584.0_457.0,0.27145314
3539.0_407.0,0.27060074
3454.0_457.0,0.27002507
3514.0_432.0,0.26959014
3424.0_417.0,0.26939315
3634.0_167.0,0.2687726
3529.0_427.0,0.26831746
3454.0_447.0,0.26821762
3639.0_162.0,0.26810208
3594.0_232.0,0.26809794
3604.0_247.0,0.26797763
3559.0_337.0,0.26732656
3584.0_257.0,0.26583284
3559.0_447.0,0.2657852
3539.0_242.0,0.2657437
3599.0_312.0,0.26562467
3549.0_182.0,0.26533005
3439.0_377.0,0.2652889
3634.0_222.0,0.2648478
3594.0_242.0,0.26476914
3424.0_427.0,0.2642528
3509.0_442.0,0.26412275
3609.0_227.0,0.26411384
3449.0_347.0,0.2639478
3539.0_347.0,0.2633403
3449.0_457.0,0.26300484
3599.0_237.0,0.26282668
3629.0_252.0,0.2625724
3444.0_427.0,0.26228973
3554.0_407.0,0.26131117
3574.0_242.0,0.2611212
3564.0_337.0,0.26096886
3584.0_352.0,0.26079538
3609.0_132.0,0.26068017
3554.0_207.0,0.2604632
3609.0_297.0,0.26027006
3444.0_397.0,0.2602387
3584.0_222.0,0.26000658
3614.0_252.0,0.25980282
3434.0_377.0,0.25969937
3599.0_222.0,0.2596924
3564.0_237.0,0.25949767
3604.0_147.0,0.2592877
3504.0_457.0,0.25882265
3609.0_257.0,0.2586725
3614.0_212.0,0.2575525
3604.0_257.0,0.25753096
3519.0_442.0,0.2569612
3554.0_442.0,0.2563602
3524.0_392.0,0.2562319
3484.0_262.0,0.25599808
3589.0_252.0,0.2553128
3589.0_207.0,0.25504795
3629.0_272.0,0.25494635
3569.0_427.0,0.25489578
3439.0_382.0,0.2548406
3444.0_337.0,0.2543665
3569.0_437.0,0.25424236
3459.0_302.0,0.25401583
3584.0_292.0,0.25388947
3434.0_397.0,0.2538595
3474.0_427.0,0.25354472
3419.0_397.0,0.25341606
3494.0_322.0,0.25321725
3484.0_452.0,0.2530217
3499.0_447.0,0.25301322
3569.0_357.0,0.2527086
3574.0_177.0,0.25221887
3579.0_377.0,0.25072718
3559.0_377.0,0.25064564
3649.0_187.0,0.25041243
3424.0_397.0,0.2495551
3409.0_422.0,0.24946684
3569.0_352.0,0.24802501
3634.0_262.0,0.24788292
3589.0_227.0,0.24769798
3574.0_362.0,0.24716887
3564.0_437.0,0.24696425
3594.0_227.0,0.24693863
3559.0_382.0,0.24688587
3634.0_252.0,0.24613138
3479.0_342.0,0.24591497
3444.0_412.0,0.24491732
3559.0_407.0,0.2445228
3574.0_437.0,0.2444245
3429.0_397.0,0.24419321
3479.0_447.0,0.24414013
3574.0_222.0,0.24361552
3549.0_412.0,0.24334644
3549.0_187.0,0.24328864
3579.0_392.0,0.24298534
3594.0_457.0,0.24293357
3504.0_317.0,0.24291539
3489.0_457.0,0.24289949
3529.0_412.0,0.24255614
3574.0_292.0,0.24232133
3524.0_432.0,0.24222894
3444.0_392.0,0.2421327
3529.0_292.0,0.2416976
3619.0_242.0,0.2415052
3599.0_192.0,0.24078667
3484.0_312.0,0.24030502
3524.0_422.0,0.24025816
3609.0_187.0,0.23943
3619.0_162.0,0.23941785
3514.0_452.0,0.23828034
3629.0_242.0,0.2369427
3624.0_192.0,0.23687024
3579.0_337.0,0.2367444
3479.0_452.0,0.2360173
3579.0_177.0,0.23565179
3564.0_417.0,0.23551175
3569.0_377.0,0.23449421
3549.0_262.0,0.23427212
3429.0_417.0,0.23410732
3649.0_207.0,0.233332
3599.0_202.0,0.23304962
3609.0_262.0,0.23290302
3609.0_247.0,0.23289134
3434.0_387.0,0.23265855
3589.0_427.0,0.23234464
3479.0_362.0,0.23224974
3504.0_442.0,0.23216312
3434.0_417.0,0.2318229
3444.0_422.0,0.23169693
3449.0_412.0,0.2313604
3459.0_437.0,0.23135175
3539.0_382.0,0.23115593
3554.0_457.0,0.23114218
3469.0_437.0,0.23089905
3639.0_122.0,0.2303374
3609.0_212.0,0.23031193
3579.0_227.0,0.23022366
3544.0_367.0,0.23005733
3499.0_367.0,0.2298756
3629.0_217.0,0.22955118
3559.0_437.0,0.22946578
3424.0_432.0,0.22883551
3519.0_402.0,0.22872624
3604.0_152.0,0.22810304
3644.0_167.0,0.22808856
3559.0_402.0,0.22737639
3449.0_397.0,0.22722735
3429.0_412.0,0.22650169
3559.0_247.0,0.22614577
3579.0_237.0,0.22599098
3589.0_152.0,0.2256471
3489.0_417.0,0.22560559
3439.0_397.0,0.22558977
3579.0_352.0,0.2250274
3554.0_447.0,0.22485654
3589.0_327.0,0.22478063
3624.0_117.0,0.22441922
3589.0_272.0,0.22348657
3604.0_192.0,0.22215575
3569.0_347.0,0.22199102
3584.0_452.0,0.22151037
3604.0_292.0,0.22124779
3574.0_422.0,0.22109142
3624.0_187.0,0.22088507
3449.0_317.0,0.2208243
3559.0_442.0,0.22062205
3584.0_172.0,0.21960498
3519.0_422.0,0.2194503
3614.0_142.0,0.21910046
3434.0_402.0,0.21899419
3554.0_182.0,0.21881612
3439.0_417.0,0.2180226
3444.0_457.0,0.21799101
3574.0_302.0,0.2176156
3579.0_172.0,0.21749662
3419.0_432.0,0.21741094
3594.0_307.0,0.21724927
3604.0_212.0,0.21634132
3414.0_392.0,0.21625505
3574.0_347.0,0.21594462
3559.0_332.0,0.21540561
3644.0_202.0,0.21456221
3634.0_267.0,0.21373868
3634.0_142.0,0.21305068
3584.0_262.0,0.21268375
3549.0_452.0,0.21245252
3624.0_137.0,0.21172139
3554.0_252.0,0.21166457
3579.0_362.0,0.2113253
3619.0_267.0,0.21119507
3554.0_187.0,0.21113653
3629.0_202.0,0.21046463
3574.0_352.0,0.21024632
3604.0_207.0,0.21023487
3624.0_162.0,0.20993021
3549.0_437.0,0.209927
3564.0_182.0,0.2095132
3569.0_192.0,0.20922501
3499.0_317.0,0.20920002
3549.0_367.0,0.20917544
3539.0_402.0,0.20905021
3604.0_307.0,0.20904334
3434.0_407.0,0.20856911
3474.0_447.0,0.20841697
3619.0_177.0,0.20834589
3624.0_177.0,0.20826788
3509.0_367.0,0.2081785
3464.0_442.0,0.20815524
3629.0_227.0,0.2081319
3509.0_457.0,0.20795295
3549.0_347.0,0.20785372
3609.0_157.0,0.2078319
3594.0_247.0,0.20778699
3484.0_417.0,0.2076046
3544.0_247.0,0.20724452
3534.0_412.0,0.20691271
3524.0_457.0,0.20681581
3559.0_387.0,0.20628339
3579.0_222.0,0.20625056
3584.0_167.0,0.20594513
3509.0_427.0,0.20442382
3604.0_162.0,0.20431511
3534.0_432.0,0.2042193
3564.0_442.0,0.20406632
3639.0_192.0,0.20378786
3544.0_377.0,0.20331849
3609.0_142.0,0.203165
3564.0_402.0,0.20304662
3579.0_427.0,0.20248865
3569.0_187.0,0.20244005
3559.0_372.0,0.20222704
3604.0_167.0,0.20207073
3524.0_397.0,0.20200972
3554.0_397.0,0.20180772
3584.0_332.0,0.20166348
3579.0_187.0,0.2007977
3574.0_382.0,0.20068637
3634.0_102.0,0.20063508
3614.0_282.0,0.20001443
3569.0_287.0,0.19982158
3564.0_322.0,0.19945303
3569.0_182.0,0.19934158
3589.0_442.0,0.19889833
3559.0_362.0,0.1986249
3569.0_172.0,0.1984924
3559.0_432.0,0.19840881
3554.0_402.0,0.19840218
3589.0_332.0,0.19788584
3514.0_422.0,0.19777572
3559.0_412.0,0.19772105
3554.0_337.0,0.19766048
3579.0_327.0,0.19757101
3499.0_452.0,0.19738373
3599.0_322.0,0.1965727
3569.0_297.0,0.19646078
3439.0_392.0,0.19645447
3594.0_317.0,0.19614305
3494.0_247.0,0.19613601
3594.0_332.0,0.19521135
3544.0_417.0,0.19509526
3559.0_182.0,0.19473007
3549.0_362.0,0.1946071
3429.0_382.0,0.19405036
3599.0_137.0,0.19342966
3564.0_427.0,0.19312076
3634.0_232.0,0.19295967
3559.0_397.0,0.19215629
3559.0_242.0,0.19214608
3584.0_437.0,0.1917125
3579.0_437.0,0.19094802
3504.0_447.0,0.19081104
3499.0_312.0,0.1905919
3584.0_247.0,0.19037245
3454.0_427.0,0.19003153
3594.0_327.0,0.18957917
3544.0_422.0,0.18926914
3564.0_177.0,0.18904185
3584.0_347.0,0.18885145
3619.0_212.0,0.1885695
3534.0_447.0,0.1883744
3449.0_392.0,0.18835466
3539.0_432.0,0.18833953
3604.0_197.0,0.18815808
3539.0_222.0,0.18807535
3519.0_452.0,0.18764003
3474.0_367.0,0.18752968
3494.0_427.0,0.18697394
3619.0_152.0,0.18686308
3509.0_432.0,0.18677264
3559.0_307.0,0.1866804
3634.0_182.0,0.18620971
3619.0_272.0,0.18585673
3554.0_362.0,0.1856469
3569.0_302.0,0.18562248
3529.0_437.0,0.18531866
3454.0_432.0,0.18502729
3619.0_167.0,0.18491913
3559.0_457.0,0.18456334
3444.0_377.0,0.1842668
3539.0_292.0,0.18424682
3514.0_427.0,0.18416685
3634.0_127.0,0.18377636
3529.0_457.0,0.18367405
3424.0_387.0,0.18310277
3594.0_312.0,0.183092
3424.0_407.0,0.18265563
3549.0_407.0,0.18264611
3624.0_112.0,0.18219315
3569.0_307.0,0.1817406
3534.0_247.0,0.18125579
3459.0_297.0,0.18123811
3494.0_312.0,0.18113604
3634.0_242.0,0.18096623
3589.0_242.0,0.18081594
3439.0_372.0,0.18076648
3629.0_232.0,0.18075098
3629.0_207.0,0.18034153
3579.0_367.0,0.1802726
3504.0_427.0,0.17995629
3489.0_397.0,0.17978182
3624.0_292.0,0.17957528
3534.0_452.0,0.17927577
3599.0_267.0,0.17912416
3579.0_397.0,0.17903781
3634.0_237.0,0.17867339
3564.0_287.0,0.1785007
3649.0_182.0,0.17816576
3449.0_402.0,0.17787743
3609.0_222.0,0.17779087
3584.0_162.0,0.17765445
3549.0_377.0,0.17751849
3569.0_227.0,0.17750965
3539.0_437.0,0.17741463
3549.0_272.0,0.17738484
3599.0_282.0,0.17702752
3509.0_437.0,0.17687038
3639.0_112.0,0.17641142
3544.0_287.0,0.17634048
3609.0_172.0,0.17626283
3574.0_252.0,0.17570782
3444.0_417.0,0.17545196
3464.0_292.0,0.17540662
3574.0_367.0,0.1752244
3489.0_447.0,0.17506999
3574.0_297.0,0.17504148
3629.0_157.0,0.17466994
3524.0_417.0,0.17421365
3539.0_397.0,0.17387474
3494.0_432.0,0.17330612
3574.0_232.0,0.17320779
3589.0_292.0,0.17306127
3529.0_432.0,0.17275245
3504.0_312.0,0.17245466
3519.0_432.0,0.1723369
3464.0_352.0,0.1722409
3619.0_232.0,0.17215163
3589.0_172.0,0.17187367
3609.0_162.0,0.17174774
3579.0_357.0,0.1715946
3544.0_342.0,0.17152831
3459.0_357.0,0.17148843
3554.0_452.0,0.17099307
3579.0_402.0,0.17078535
3544.0_237.0,0.17064096
3584.0_227.0,0.1703788
3574.0_337.0,0.17036977
3554.0_307.0,0.17032184
3639.0_252.0,0.17021047
3629.0_282.0,0.17003356
3574.0_417.0,0.1698563
3614.0_237.0,0.16956967
3584.0_422.0,0.16935408
3534.0_402.0,0.16892081
3504.0_407.0,0.16861726
3584.0_357.0,0.16851613
3524.0_447.0,0.16839796
3604.0_262.0,0.1683599
3444.0_327.0,0.16835386
3514.0_437.0,0.16830909
3469.0_442.0,0.16806856
3499.0_427.0,0.16770746
3554.0_332.0,0.16748822
3649.0_192.0,0.16723071
3624.0_227.0,0.16709015
3514.0_287.0,0.16701712
3514.0_397.0,0.16693303
3534.0_422.0,0.16686657
3574.0_322.0,0.16668965
3644.0_112.0,0.1666244
3554.0_412.0,0.1663108
3604.0_297.0,0.1658625
3444.0_432.0,0.16533971
3574.0_172.0,0.1652926
3614.0_287.0,0.16522051
3609.0_277.0,0.16520429
3609.0_287.0,0.16496797
3574.0_187.0,0.16478114
3574.0_227.0,0.16469237
3619.0_122.0,0.16457562
3464.0_427.0,0.16449557
3574.0_192.0,0.16420053
3579.0_167.0,0.16398242
3599.0_142.0,0.16393109
3634.0_277.0,0.16373037
3599.0_307.0,0.1636061
3474.0_442.0,0.16332735
3449.0_327.0,0.16312963
3574.0_207.0,0.16258651
3429.0_437.0,0.16242465
3604.0_322.0,0.16236398
3519.0_447.0,0.16235209
3559.0_192.0,0.16223992
3569.0_292.0,0.16210544
3634.0_117.0,0.16206956
3629.0_152.0,0.16176705
3634.0_227.0,0.16163905
3454.0_337.0,0.1614781
3644.0_222.0,0.16095217
3559.0_352.0,0.16055506
3504.0_452.0,0.16054769
3564.0_282.0,0.16023399
3649.0_252.0,0.15988302
3544.0_357.0,0.15980627
3589.0_157.0,0.15965982
3594.0_322.0,0.15902805
3574.0_407.0,0.15838611
3584.0_267.0,0.15825051
3574.0_272.0,0.15809657
3574.0_357.0,0.15793392
3649.0_202.0,0.1574678
3509.0_407.0,0.1566341
3584.0_417.0,0.1562233
3559.0_187.0,0.15615523
3639.0_212.0,0.15501921
3539.0_202.0,0.15500663
3554.0_367.0,0.1546573
3564.0_302.0,0.1543993
3434.0_382.0,0.1541472
3484.0_307.0,0.15414129
3554.0_342.0,0.15399797
3524.0_402.0,0.15385048
3479.0_267.0,0.1536182
3559.0_357.0,0.15357491
3564.0_432.0,0.15341552
3554.0_352.0,0.15315829
3599.0_212.0,0.15303542
3639.0_242.0,0.15285711
3594.0_277.0,0.15283307
3559.0_452.0,0.15276004
3589.0_277.0,0.15271927
3559.0_207.0,0.15265025
3574.0_277.0,0.15257892
3579.0_317.0,0.15206768
3434.0_392.0,0.15157887
3589.0_247.0,0.1511164
3644.0_237.0,0.15110809
3589.0_262.0,0.15076032
3569.0_327.0,0.15073621
3574.0_397.0,0.15070178
3549.0_342.0,0.15054668
3584.0_342.0,0.15049855
3644.0_217.0,0.15040672
3624.0_142.0,0.14976324
3449.0_407.0,0.14974238
3534.0_437.0,0.1496612
3539.0_282.0,0.14935815
3569.0_387.0,0.14925396
3549.0_227.0,0.14907892
3584.0_237.0,0.14868383
3449.0_372.0,0.14866826
3524.0_407.0,0.14852175
3449.0_322.0,0.14802131
3459.0_412.0,0.1478675
3579.0_232.0,0.14785989
3589.0_202.0,0.14685787
3549.0_282.0,0.1465768
3624.0_197.0,0.14656155
3634.0_272.0,0.14652094
3479.0_442.0,0.14648108
3609.0_232.0,0.14629076
3654.0_232.0,0.14621598
3424.0_412.0,0.14602883
3494.0_452.0,0.14588958
3544.0_347.0,0.14573486
3634.0_122.0,0.14531247
3569.0_402.0,0.14506009
3644.0_252.0,0.14474645
3624.0_207.0,0.14466785
3479.0_367.0,0.14450854
3564.0_392.0,0.14394322
3584.0_212.0,0.1438446
3519.0_277.0,0.14361215
3564.0_262.0,0.14352936
3599.0_147.0,0.14344646
3634.0_202.0,0.1434242
3439.0_387.0,0.14335029
3544.0_432.0,0.14322789
3614.0_197.0,0.14310049
3509.0_422.0,0.1428424
3484.0_442.0,0.14279753
3554.0_237.0,0.14268741
3549.0_432.0,0.14251974
3534.0_272.0,0.14219892
3604.0_142.0,0.14192258
3574.0_237.0,0.14186491
3584.0_442.0,0.141645
3629.0_122.0,0.14162359
3539.0_217.0,0.14157525
3614.0_172.0,0.14140975
3579.0_182.0,0.14140801
3624.0_217.0,0.14123316
3639.0_217.0,0.14097406
3654.0_237.0,0.14083616
3494.0_437.0,0.1404834
3534.0_222.0,0.14044148
3569.0_417.0,0.14038032
3604.0_252.0,0.14024286
3544.0_222.0,0.14007433
3459.0_397.0,0.13997455
3539.0_297.0,0.13958476
3639.0_222.0,0.13952455
3464.0_297.0,0.13939393
3534.0_392.0,0.1392227
3569.0_337.0,0.13893755
3609.0_152.0,0.13890924
3519.0_417.0,0.13874522
3594.0_192.0,0.13865176
3599.0_287.0,0.13864893
3544.0_227.0,0.13863485
3574.0_312.0,0.13862304
3634.0_197.0,0.13855223
3664.0_227.0,0.13849457
3524.0_282.0,0.13831083
3484.0_437.0,0.13814506
3589.0_232.0,0.13799489
3494.0_447.0,0.13775676
3574.0_327.0,0.13761634
3494.0_317.0,0.13757262
3564.0_407.0,0.13749133
3499.0_247.0,0.137396
3579.0_297.0,0.13731831
3579.0_247.0,0.13713343
3569.0_207.0,0.13700038
3449.0_332.0,0.13694441
3594.0_257.0,0.13672298
3614.0_232.0,0.13662277
3444.0_387.0,0.13646801
3569.0_222.0,0.13646084
3524.0_452.0,0.13625903
3569.0_422.0,0.1362577
3559.0_237.0,0.13622952
3554.0_372.0,0.13599661
3574.0_287.0,0.13598964
3554.0_242.0,0.13587768
3614.0_272.0,0.1358557
3554.0_217.0,0.13578576
3524.0_292.0,0.1357148
3599.0_197.0,0.13523845
3614.0_162.0,0.13523482
3469.0_307.0,0.13523184
3529.0_392.0,0.1351125
3524.0_242.0,0.13504304
3589.0_322.0,0.1348418
3564.0_192.0,0.13478857
3634.0_162.0,0.13457698
3599.0_302.0,0.13453849
3494.0_252.0,0.1344809
3574.0_262.0,0.13438106
3549.0_297.0,0.1342723
3639.0_202.0,0.13412018
3574.0_282.0,0.13407303
3504.0_382.0,0.13390385
3624.0_242.0,0.1338329
3629.0_182.0,0.13375196
3479.0_277.0,0.13326581
3444.0_372.0,0.13292518
3614.0_267.0,0.13288817
3524.0_442.0,0.13257508
3499.0_407.0,0.13253795
3479.0_322.0,0.13218576
3559.0_197.0,0.13215426
3604.0_287.0,0.13188249
3649.0_212.0,0.13171461
3419.0_412.0,0.13164362
3539.0_422.0,0.131579
3529.0_397.0,0.1315258
3504.0_432.0,0.13126399
3489.0_422.0,0.13112669
3544.0_337.0,0.1311019
3569.0_412.0,0.13078476
3489.0_367.0,0.13069244
3519.0_437.0,0.13056768
3494.0_457.0,0.13040632
3549.0_397.0,0.13039243
3554.0_417.0,0.13025953
3569.0_322.0,0.13002284
3644.0_227.0,0.1296521
3659.0_232.0,0.12948434
3644.0_212.0,0.1292768
3464.0_307.0,0.12923025
3519.0_427.0,0.1289768
3624.0_237.0,0.12855421
3564.0_347.0,0.12843971
3564.0_232.0,0.12810455
3569.0_232.0,0.12806728
3489.0_297.0,0.12799731
3469.0_297.0,0.12794158
3544.0_437.0,0.12791629
3549.0_292.0,0.1277058
3454.0_422.0,0.12768759
3519.0_407.0,0.12763895
3589.0_267.0,0.12762824
3489.0_412.0,0.12757277
3479.0_272.0,0.12745586
3624.0_282.0,0.12740424
3479.0_297.0,0.12712145
3544.0_292.0,0.12707874
3559.0_322.0,0.12693468
3584.0_302.0,0.12677997
3644.0_232.0,0.12676364
3564.0_297.0,0.12652802
3579.0_422.0,0.12634294
3564.0_397.0,0.1261868
3594.0_197.0,0.12618198
3419.0_407.0,0.12605214
3554.0_322.0,0.12597382
3524.0_377.0,0.12590763
3624.0_147.0,0.12570883
3474.0_337.0,0.12570877
3619.0_157.0,0.12532295
3649.0_217.0,0.12529315
3644.0_162.0,0.1251962
3459.0_427.0,0.124910735
3449.0_342.0,0.12480734
3604.0_132.0,0.12475803
3464.0_437.0,0.12451084
3474.0_312.0,0.12443714
3484.0_317.0,0.124159515
3584.0_272.0,0.12405002
3434.0_412.0,0.124012806
3459.0_432.0,0.12399062
3564.0_457.0,0.12391715
3584.0_207.0,0.123751484
3634.0_217.0,0.1236084
3584.0_307.0,0.1236004
3414.0_402.0,0.12355772
3569.0_407.0,0.12336197
3644.0_242.0,0.12316201
3579.0_282.0,0.12311001
3579.0_257.0,0.1229207
3649.0_232.0,0.1226947
3629.0_177.0,0.122563206
3579.0_287.0,0.1224733
3604.0_172.0,0.12244712
3489.0_327.0,0.122005664
3479.0_457.0,0.12162747
3454.0_407.0,0.121618055
3599.0_327.0,0.12148289
3564.0_272.0,0.12140042
3614.0_182.0,0.12106926
3484.0_407.0,0.12079345
3569.0_397.0,0.12067296
3584.0_202.0,0.12054859
3544.0_412.0,0.12054002
3569.0_272.0,0.120142214
3589.0_417.0,0.120029554
3589.0_237.0,0.11990157
3579.0_272.0,0.1196445
3584.0_312.0,0.11941786
3589.0_437.0,0.11936217
3474.0_307.0,0.11931454
3619.0_192.0,0.11919651
3609.0_177.0,0.11916037
3644.0_172.0,0.11902646
3609.0_242.0,0.118990295
3559.0_287.0,0.11897259
3479.0_357.0,0.118891045
3614.0_122.0,0.118827485
3619.0_247.0,0.11874911
3594.0_172.0,0.118716925
3614.0_167.0,0.11820791
3569.0_282.0,0.11803565
3654.0_212.0,0.11797567
3579.0_267.0,0.11789319
3604.0_267.0,0.117865704
3494.0_442.0,0.11779606
3479.0_372.0,0.117789626
3489.0_372.0,0.117660895
3639.0_227.0,0.11747537
3544.0_297.0,0.11746034
3584.0_282.0,0.11726697
3619.0_237.0,0.117134646
3579.0_302.0,0.11683733
3624.0_212.0,0.116612904
3479.0_437.0,0.11660497
3589.0_162.0,0.11644647
3489.0_317.0,0.116413645
3614.0_127.0,0.116347164
3609.0_137.0,0.11618471
3479.0_327.0,0.11593506
3469.0_292.0,0.11566716
3484.0_357.0,0.11555788
3539.0_412.0,0.115479626
3519.0_397.0,0.11505903
3479.0_312.0,0.1149448
3484.0_372.0,0.11490725
3539.0_227.0,0.11477784
3544.0_267.0,0.11476926
3589.0_287.0,0.11458493
3544.0_272.0,0.11449049
3489.0_442.0,0.11432666
3614.0_132.0,0.114213936
3559.0_347.0,0.11417
3564.0_257.0,0.11407554
3639.0_142.0,0.11402922
3489.0_312.0,0.113920674
3549.0_307.0,0.11389491
3609.0_202.0,0.11383917
3449.0_337.0,0.11381362
3594.0_162.0,0.11362283
3609.0_272.0,0.11345404
3559.0_417.0,0.11337533
3579.0_412.0,0.11330486
3599.0_162.0,0.113200866
3594.0_147.0,0.11307496
3639.0_207.0,0.113007836
3619.0_217.0,0.112833254
3474.0_362.0,0.112444885
3564.0_267.0,0.11227577
3584.0_297.0,0.11206571
3629.0_287.0,0.11205957
3584.0_427.0,0.11200916
3619.0_207.0,0.11181247
3589.0_197.0,0.11173964
3449.0_377.0,0.111504234
3579.0_252.0,0.11129409
3449.0_352.0,0.11116648
3599.0_172.0,0.11105173
3554.0_392.0,0.11101949
3514.0_367.0,0.11086537
3594.0_152.0,0.110818565
3554.0_377.0,0.110721976
3514.0_412.0,0.110662825
3499.0_432.0,0.110496245
3524.0_252.0,0.11038717
3499.0_457.0,0.11036488
3454.0_347.0,0.10999526
3594.0_302.0,0.10995665
3579.0_262.0,0.10988726
3474.0_432.0,0.109854475
3634.0_192.0,0.10975401
3594.0_267.0,0.10955141
3564.0_247.0,0.109519504
3454.0_417.0,0.109344564
3629.0_107.0,0.10933244
3594.0_167.0,0.109276116
3599.0_317.0,0.10921432
3424.0_422.0,0.109204054
3534.0_217.0,0.10919204
3429.0_407.0,0.10902242
3444.0_332.0,0.10901172
3649.0_172.0,0.108919986
3449.0_367.0,0.108822964
3499.0_382.0,0.10877306
3529.0_232.0,0.10843117
3624.0_122.0,0.10841333
3584.0_182.0,0.10834698
3579.0_277.0,0.108187616
3459.0_402.0,0.10814485
3629.0_132.0,0.10803316
3579.0_307.0,0.10801084
3639.0_262.0,0.10796002
3534.0_282.0,0.10795285
3529.0_402.0,0.10793985
3564.0_412.0,0.1076799
3499.0_437.0,0.10765716
3539.0_197.0,0.10762759
3599.0_252.0,0.107598655
3454.0_392.0,0.1075237
3654.0_202.0,0.10749586
3564.0_387.0,0.10739505
3504.0_437.0,0.10724533
3499.0_377.0,0.10710331
3484.0_422.0,0.107025124
3634.0_207.0,0.10702187
3544.0_187.0,0.10671896
3484.0_427.0,0.10633522
3474.0_397.0,0.106324784
3489.0_392.0,0.10625664
3564.0_277.0,0.10621792
3554.0_212.0,0.10597954
3574.0_197.0,0.10593385
3534.0_277.0,0.105754495
3564.0_212.0,0.10568268
3559.0_262.0,0.10565542
3569.0_237.0,0.10559758
3544.0_387.0,0.10554651
3584.0_317.0,0.105451345
3659.0_227.0,0.105437495
3504.0_397.0,0.10543567
3549.0_217.0,0.10522667
3549.0_302.0,0.1050279
3559.0_422.0,0.104881324
3584.0_397.0,0.10472157
3539.0_417.0,0.104575776
3594.0_282.0,0.10440588
3624.0_247.0,0.10440255
3594.0_297.0,0.10430248
3529.0_387.0,0.104212254
3604.0_272.0,0.10404143
3554.0_357.0,0.10362412
3594.0_262.0,0.103167534
3519.0_372.0,0.10311087
3544.0_217.0,0.10308942
3629.0_237.0,0.10306337
3534.0_417.0,0.10296134
3529.0_277.0,0.10290952
3459.0_337.0,0.10283392
3539.0_337.0,0.102805346
3479.0_422.0,0.102772035
3549.0_287.0,0.1027275
3444.0_342.0,0.10238525
3574.0_412.0,0.10234753
3569.0_242.0,0.10233088
3584.0_217.0,0.10232387
3454.0_387.0,0.102041885
3614.0_307.0,0.10151842
3639.0_257.0,0.101326294
3589.0_302.0,0.101229906
3449.0_422.0,0.10121207
3474.0_352.0,0.101077795
3484.0_362.0,0.10093008
3484.0_447.0,0.10088068
3524.0_257.0,0.10085114
3599.0_177.0,0.100532345
3504.0_387.0,0.100527495
3459.0_392.0,0.10026596
3624.0_202.0,0.099975795
3649.0_227.0,0.09961793
3584.0_402.0,0.099604
3529.0_257.0,0.099568725
3589.0_282.0,0.099358365
3524.0_412.0,0.09931393
3584.0_197.0,0.099274114
3484.0_397.0,0.09926322
3524.0_272.0,0.09920543
3499.0_322.0,0.099140316
3579.0_197.0,0.09905426
3524.0_277.0,0.09902982
3474.0_382.0,0.09900797
3614.0_222.0,0.098813266
3544.0_392.0,0.09874872
3534.0_232.0,0.09864361
3634.0_112.0,0.09859172
3574.0_217.0,0.098589756
3654.0_222.0,0.0985459
3569.0_277.0,0.098423
3564.0_222.0,0.098359235
3499.0_372.0,0.09812565
3574.0_267.0,0.09802357
3539.0_192.0,0.09799885
3564.0_197.0,0.09780313
3644.0_257.0,0.09760575
3569.0_257.0,0.09760222
3589.0_217.0,0.09730603
3489.0_352.0,0.097286604
3569.0_217.0,0.097285114
3499.0_252.0,0.09726949
3549.0_257.0,0.09726792
3584.0_157.0,0.097258694
3529.0_367.0,0.09720754
3454.0_397.0,0.09689119
3559.0_202.0,0.096823506
3609.0_182.0,0.096697375
3594.0_287.0,0.09655567
3444.0_382.0,0.096486315
3529.0_247.0,0.096284725
3534.0_397.0,0.09617989
3629.0_137.0,0.0961576
3584.0_192.0,0.09611195
3594.0_187.0,0.096067294
3509.0_267.0,0.095962614
3619.0_292.0,0.09589287
3599.0_152.0,0.095819905
3599.0_277.0,0.09577166
3589.0_447.0,0.09565633
3634.0_132.0,0.0953716
3624.0_287.0,0.095156364
3449.0_382.0,0.094681114
3574.0_402.0,0.09455663
3534.0_347.0,0.0944044
3529.0_417.0,0.09438091
3559.0_282.0,0.0943549
3649.0_242.0,0.09433125
3449.0_362.0,0.09407986
3459.0_377.0,0.09392033
3514.0_417.0,0.09379732
3639.0_172.0,0.09370226
3539.0_212.0,0.09356143
3484.0_402.0,0.09349691
3604.0_182.0,0.09337142
3554.0_202.0,0.09291616
3599.0_207.0,0.09291244
3539.0_237.0,0.092628144
3594.0_252.0,0.092491895
3534.0_407.0,0.09237843
3554.0_257.0,0.092306264
3629.0_262.0,0.092209056
3554.0_282.0,0.0922031
3509.0_417.0,0.09214311
3489.0_427.0,0.09207196
3554.0_277.0,0.09179053
3524.0_437.0,0.091723785
3539.0_267.0,0.09171837
3629.0_212.0,0.09143552
3579.0_417.0,0.09136663
3544.0_402.0,0.09135295
3519.0_282.0,0.09129912
3534.0_227.0,0.091186866
3474.0_292.0,0.09097155
3549.0_242.0,0.09090255
3464.0_402.0,0.090880446
3529.0_237.0,0.090621114
3644.0_177.0,0.09055501
3639.0_117.0,0.09027796
3609.0_282.0,0.09004438
3629.0_127.0,0.08984898
3624.0_157.0,0.08979818
3554.0_427.0,0.0896651
3489.0_322.0,0.089306585
3599.0_257.0,0.08921899
3529.0_272.0,0.08908389
3564.0_227.0,0.089049794
3464.0_432.0,0.08883646
3479.0_377.0,0.0885735
3594.0_182.0,0.0883973
3459.0_347.0,0.088334225
3534.0_387.0,0.08829576
3534.0_352.0,0.08811778
3559.0_327.0,0.08804211
3569.0_262.0,0.08795434
3599.0_182.0,0.08794862
3614.0_262.0,0.0878834
3549.0_222.0,0.08762746
3629.0_112.0,0.087457225
3494.0_372.0,0.08745038
3539.0_262.0,0.08737755
3549.0_327.0,0.087371275
3559.0_217.0,0.08734015
3639.0_247.0,0.0871945
3464.0_302.0,0.087104276
3539.0_372.0,0.08709104
3594.0_212.0,0.08703923
3584.0_447.0,0.08703249
3604.0_277.0,0.08696745
3549.0_417.0,0.086840436
3559.0_392.0,0.08683451
3539.0_377.0,0.08669631
3554.0_387.0,0.08668915
3459.0_367.0,0.0866651
3634.0_212.0,0.08645782
3549.0_232.0,0.08644923
3614.0_147.0,0.08622103
3474.0_302.0,0.08615972
3534.0_372.0,0.08615707
3564.0_422.0,0.086150445
3564.0_327.0,0.08611355
3584.0_412.0,0.08592161
3574.0_247.0,0.08590901
3519.0_412.0,0.08586521
3459.0_317.0,0.085814975
3549.0_202.0,0.08578479
3504.0_372.0,0.085767254
3649.0_247.0,0.08570078
3514.0_347.0,0.08562799
3504.0_272.0,0.08556881
3599.0_262.0,0.08544979
3589.0_297.0,0.08540996
3619.0_137.0,0.08521082
3544.0_282.0,0.08517782
3454.0_402.0,0.08517529
3534.0_427.0,0.08511592
3669.0_222.0,0.08500336
3474.0_347.0,0.084927216
3449.0_427.0,0.08486028
3534.0_257.0,0.08485037
3509.0_372.0,0.08473808
3444.0_347.0,0.08472412
3479.0_417.0,0.08470376
3539.0_357.0,0.08467012
3479.0_407.0,0.08463025
3459.0_307.0,0.084389
3439.0_422.0,0.08435802
3589.0_457.0,0.084292725
3494.0_407.0,0.08413456
3564.0_217.0,0.08402037
3594.0_157.0,0.08384133
3619.0_202.0,0.08373451
3669.0_227.0,0.08368222
3464.0_412.0,0.08364208
3534.0_267.0,0.08363667
3469.0_327.0,0.083355844
3564.0_252.0,0.08333281
3584.0_377.0,0.08329859
3624.0_182.0,0.08320022
3634.0_247.0,0.08315802
3469.0_302.0,0.08304305
3554.0_232.0,0.082973085
3579.0_407.0,0.082961656
3549.0_422.0,0.082713135
3554.0_197.0,0.08267415
3539.0_302.0,0.08247256
3609.0_267.0,0.08233362
3514.0_407.0,0.08229553
3489.0_432.0,0.082243234
3484.0_337.0,0.082176484
3559.0_227.0,0.08197891
3479.0_382.0,0.08180739
3534.0_242.0,0.08160811
3594.0_217.0,0.081586294
3544.0_257.0,0.081502154
3459.0_322.0,0.081466325
3599.0_232.0,0.08136961
3524.0_237.0,0.08124379
3479.0_287.0,0.08091543
3559.0_212.0,0.08084424
3509.0_402.0,0.08072262
3569.0_252.0,0.08064536
3569.0_317.0,0.08051203
3484.0_277.0,0.080489516
3424.0_402.0,0.080440246
3644.0_137.0,0.08034332
3544.0_212.0,0.080236174
3604.0_232.0,0.08017242
3639.0_237.0,0.079851374
3504.0_367.0,0.079735115
3629.0_117.0,0.079648405
3529.0_382.0,0.07951072
3519.0_387.0,0.079465136
3614.0_157.0,0.07931577
3594.0_177.0,0.07929399
3639.0_232.0,0.079284206
3614.0_242.0,0.07927864
3474.0_372.0,0.07927498
3554.0_287.0,0.079239644
3549.0_212.0,0.079192534
3604.0_187.0,0.07911809
3589.0_167.0,0.07897091
3534.0_357.0,0.07877177
3454.0_367.0,0.07871862
3529.0_452.0,0.07844384
3599.0_247.0,0.0783927
3469.0_377.0,0.07831698
3589.0_177.0,0.07831631
3554.0_422.0,0.07797999
3489.0_332.0,0.07785242
3634.0_137.0,0.07755108
3514.0_272.0,0.07750245
3609.0_122.0,0.07746739
3474.0_287.0,0.07721667
3459.0_332.0,0.07707556
3454.0_317.0,0.07676896
3484.0_392.0,0.07674594
3554.0_262.0,0.07667163
3639.0_267.0,0.076589964
3639.0_277.0,0.07656274
3454.0_342.0,0.07651167
3564.0_207.0,0.07650433
3459.0_342.0,0.076487795
3539.0_427.0,0.07645817
3539.0_327.0,0.076364525
3599.0_187.0,0.07630915
3489.0_437.0,0.076291196
3529.0_242.0,0.07615978
3544.0_407.0,0.07609343
3514.0_387.0,0.07596142
3459.0_312.0,0.075813465
3614.0_277.0,0.075701915
3639.0_272.0,0.07564389
3589.0_182.0,0.075618595
3464.0_387.0,0.07557227
3449.0_357.0,0.07535574
3584.0_177.0,0.074994355
3484.0_432.0,0.074889466
3564.0_202.0,0.074744515
3479.0_397.0,0.07468548
3559.0_257.0,0.07445034
3659.0_217.0,0.07435287
3549.0_247.0,0.074304365
3459.0_372.0,0.074239954
3509.0_277.0,0.07423047
3484.0_327.0,0.07422082
3644.0_127.0,0.074170016
3529.0_252.0,0.074151844
3619.0_147.0,0.07408073
3544.0_232.0,0.07398105
3549.0_402.0,0.073959306
3604.0_177.0,0.07383048
3539.0_232.0,0.0736703
3549.0_237.0,0.07347883
3524.0_387.0,0.07327028
3489.0_342.0,0.0731698
3624.0_232.0,0.07315067
3579.0_292.0,0.07313055
3529.0_407.0,0.07308288
3619.0_197.0,0.07298293
3524.0_362.0,0.072816804
3519.0_267.0,0.07280671
3664.0_222.0,0.07279626
3604.0_127.0,0.07278006
3609.0_127.0,0.07245316
3474.0_297.0,0.07224736
3519.0_272.0,0.07220789
3544.0_262.0,0.0721882
3454.0_352.0,0.07214407
3469.0_317.0,0.07203087
3619.0_277.0,0.07197594
3499.0_257.0,0.071967915
3624.0_132.0,0.07185877
3584.0_242.0,0.071654074
3549.0_337.0,0.071568966
3604.0_157.0,0.07150602
3534.0_377.0,0.071412906
3549.0_352.0,0.07131823
3539.0_287.0,0.07124026
3479.0_402.0,0.071191214
3484.0_457.0,0.0711787
3454.0_377.0,0.07117856
3549.0_207.0,0.07109497
3484.0_347.0,0.07095604
3559.0_232.0,0.07071459
3559.0_427.0,0.070345156
3509.0_262.0,0.07023723
3554.0_247.0,0.07010081
3589.0_192.0,0.07008065
3554.0_297.0,0.0700693
3579.0_347.0,0.069935605
3574.0_212.0,0.069870256
3599.0_157.0,0.069864586
3544.0_302.0,0.06983895
3559.0_252.0,0.06982649
3609.0_167.0,0.06977272
3514.0_352.0,0.06967585
3534.0_237.0,0.06961217
3539.0_362.0,0.06959749
3519.0_352.0,0.06941404
3489.0_377.0,0.06929642
3639.0_132.0,0.069175474
3574.0_317.0,0.069158055
3499.0_402.0,0.06874367
3579.0_217.0,0.068707734
3569.0_247.0,0.06865128
3559.0_302.0,0.06864873
3604.0_222.0,0.068609335
3609.0_147.0,0.06824104
3479.0_307.0,0.06810286
3529.0_317.0,0.068081915
3549.0_192.0,0.06806794
3589.0_317.0,0.06805175
3644.0_187.0,0.06802825
3484.0_272.0,0.06788118
3514.0_297.0,0.06785067
3589.0_187.0,0.06781047
3459.0_422.0,0.06771634
3499.0_397.0,0.067690276
3509.0_252.0,0.06761633
3609.0_252.0,0.06734631
3549.0_267.0,0.06733965
3664.0_217.0,0.067313366
3629.0_277.0,0.06726339
3519.0_357.0,0.06717495
3484.0_342.0,0.06705684
3534.0_367.0,0.06705199
3514.0_362.0,0.067013
3614.0_192.0,0.06675692
3579.0_207.0,0.06666099
3464.0_392.0,0.06662115
3549.0_387.0,0.06660714
3529.0_262.0,0.066583194
3534.0_322.0,0.06646241
3454.0_327.0,0.0664383
3504.0_287.0,0.06641618
3584.0_392.0,0.06633162
3454.0_382.0,0.066260256
3549.0_332.0,0.0662172
3529.0_447.0,0.06613421
3504.0_267.0,0.065955624
3629.0_267.0,0.0658078
3599.0_167.0,0.06579681
3544.0_252.0,0.06578602
3499.0_272.0,0.06576523
3499.0_352.0,0.06569842
3619.0_187.0,0.06517747
3449.0_417.0,0.06514806
3554.0_222.0,0.064990215
3564.0_307.0,0.064942606
3514.0_277.0,0.064849
3469.0_417.0,0.06470648
3504.0_417.0,0.0646016
3484.0_412.0,0.064336136
3574.0_257.0,0.064281486
3649.0_257.0,0.06426159
3574.0_307.0,0.06422483
3544.0_397.0,0.06416842
3494.0_387.0,0.0641653
3489.0_337.0,0.06405681
3504.0_362.0,0.06403065
3509.0_377.0,0.063947484
3494.0_392.0,0.06385969
3509.0_272.0,0.06383816
3519.0_377.0,0.06377914
3454.0_332.0,0.063776135
3464.0_317.0,0.063682586
3519.0_347.0,0.063377865
3484.0_297.0,0.063255385
3559.0_297.0,0.063180335
3594.0_272.0,0.06317129
3604.0_317.0,0.06296929
3494.0_417.0,0.062928
3494.0_327.0,0.06290271
3464.0_322.0,0.06289783
3524.0_312.0,0.06287542
3429.0_402.0,0.06273111
3524.0_357.0,0.06249839
3614.0_152.0,0.062496766
3569.0_267.0,0.06242562
3569.0_202.0,0.062294047
3464.0_327.0,0.06228458
3494.0_422.0,0.062205855
3569.0_392.0,0.062148422
3659.0_222.0,0.062117063
3579.0_212.0,0.062094536
3504.0_392.0,0.062087826
3624.0_222.0,0.06208043
3504.0_422.0,0.062072437
3529.0_322.0,0.062023032
3494.0_257.0,0.061959833
3524.0_267.0,0.06184553
3569.0_212.0,0.061782714
3554.0_227.0,0.061736424
3469.0_342.0,0.06171619
3634.0_257.0,0.06169521
3554.0_327.0,0.06158445
3459.0_387.0,0.061583176
3529.0_282.0,0.061533924
3529.0_352.0,0.061472017
3584.0_187.0,0.061404046
3529.0_442.0,0.061333176
3479.0_387.0,0.061125506
3489.0_382.0,0.06110382
3509.0_387.0,0.06108367
3549.0_252.0,0.0609267
3494.0_377.0,0.060860146
3454.0_357.0,0.06078996
3529.0_302.0,0.060401045
3514.0_392.0,0.060393173
3534.0_362.0,0.060311683
3509.0_342.0,0.06025892
3529.0_362.0,0.060256366
3494.0_262.0,0.060234338
3624.0_127.0,0.060183927
3479.0_427.0,0.06009252
3509.0_397.0,0.060045734
3434.0_422.0,0.059917875
3644.0_117.0,0.059862353
3504.0_302.0,0.059811555
3624.0_267.0,0.059801675
3609.0_312.0,0.059800025
3599.0_217.0,0.0597416
3549.0_392.0,0.059717935
3474.0_377.0,0.059684597
3489.0_267.0,0.059681546
3469.0_402.0,0.059603296
3459.0_407.0,0.059592362
3614.0_137.0,0.05958689
3534.0_252.0,0.059560884
3629.0_257.0,0.05955654
3454.0_322.0,0.05944364
3499.0_267.0,0.059405405
3489.0_402.0,0.059382115
3609.0_207.0,0.05920948
3584.0_407.0,0.05920657
3469.0_412.0,0.05914468
3619.0_127.0,0.059044447
3469.0_427.0,0.059023682
3559.0_277.0,0.05887196
3529.0_337.0,0.058776386
3549.0_277.0,0.05874007
3519.0_302.0,0.05855126
3479.0_337.0,0.05847432
3519.0_342.0,0.058418423
3559.0_317.0,0.05831301
3489.0_287.0,0.058251478
3499.0_422.0,0.05822409
3474.0_342.0,0.058182314
3574.0_202.0,0.058087543
3524.0_352.0,0.057996646
3654.0_217.0,0.057983983
3469.0_322.0,0.057963364
3539.0_342.0,0.057864524
3629.0_247.0,0.057719667
3529.0_377.0,0.057678107
3529.0_372.0,0.057449564
3509.0_357.0,0.057426874
3469.0_347.0,0.057212066
3614.0_227.0,0.057192665
3494.0_272.0,0.05715724
3494.0_402.0,0.057037637
3504.0_262.0,0.056992758
3529.0_342.0,0.056944635
3489.0_292.0,0.05691859
3449.0_387.0,0.056897335
3479.0_432.0,0.056655675
3644.0_247.0,0.056561556
3534.0_262.0,0.056507774
3484.0_322.0,0.05645987
3484.0_287.0,0.05637796
3629.0_142.0,0.056233104
3554.0_292.0,0.056126323
3539.0_272.0,0.056122202
3539.0_387.0,0.05611165
3519.0_332.0,0.05607125
3524.0_302.0,0.055953436
3509.0_382.0,0.055880535
3494.0_397.0,0.055854443
3499.0_387.0,0.055809245
3609.0_192.0,0.055798806
3559.0_272.0,0.055737197
3554.0_272.0,0.055654645
3464.0_362.0,0.055625036
3474.0_392.0,0.05553304
3489.0_362.0,0.05551135
3544.0_307.0,0.055508766
3484.0_292.0,0.055354442
3529.0_332.0,0.05535291
3529.0_347.0,0.055317316
3549.0_197.0,0.05528356
3489.0_407.0,0.055244043
3484.0_332.0,0.055213064
3614.0_202.0,0.055118766
3534.0_382.0,0.05510927
3469.0_352.0,0.055105753
3524.0_347.0,0.055028096
3484.0_352.0,0.05501679
3519.0_262.0,0.054966994
3614.0_257.0,0.054932848
3564.0_292.0,0.054926816
3544.0_277.0,0.054899015
3619.0_257.0,0.054707874
3544.0_322.0,0.0546758
3524.0_342.0,0.0544835
3559.0_267.0,0.054454863
3479.0_332.0,0.05429875
3519.0_392.0,0.054025725
3474.0_357.0,0.053895894
3504.0_257.0,0.053871308
3509.0_392.0,0.053782545
3509.0_362.0,0.053629182
3464.0_332.0,0.053461477
3469.0_362.0,0.053402476
3619.0_132.0,0.053367496
3559.0_222.0,0.05328266
3544.0_327.0,0.053015243
3469.0_422.0,0.05300459
3484.0_377.0,0.052955475
3464.0_422.0,0.05291721
3544.0_332.0,0.052859254
3619.0_222.0,0.052836075
3504.0_352.0,0.052818935
3619.0_227.0,0.05272299
3454.0_412.0,0.05266378
3579.0_202.0,0.052577432
3509.0_312.0,0.052537125
3529.0_357.0,0.052398313
3509.0_327.0,0.05226808
3524.0_262.0,0.05216459
3524.0_247.0,0.05185632
3639.0_197.0,0.051785376
3519.0_382.0,0.051755134
3514.0_402.0,0.051709272
3514.0_372.0,0.051647138
3459.0_352.0,0.051447928
3459.0_417.0,0.0513627
3484.0_282.0,0.05135639
3504.0_377.0,0.051352974
3469.0_312.0,0.0513469
3604.0_242.0,0.051344868
3494.0_277.0,0.051338147
3504.0_332.0,0.051036607
3534.0_337.0,0.05091162
3534.0_342.0,0.05086348
3489.0_277.0,0.050559517
3649.0_237.0,0.050551493
3589.0_422.0,0.050499443
3529.0_297.0,0.05043672
3644.0_182.0,0.050429765
3504.0_277.0,0.050416443
3469.0_397.0,0.05024453
3534.0_317.0,0.050144058
3549.0_427.0,0.05008648
3499.0_417.0,0.049860563
3624.0_277.0,0.049813148
3519.0_367.0,0.049798716
3509.0_257.0,0.049764745
3554.0_302.0,0.04967333
3494.0_412.0,0.049615797
3494.0_382.0,0.049614333
3524.0_382.0,0.049411964
3489.0_262.0,0.049306136
3489.0_387.0,0.0492493
3549.0_312.0,0.049091622
3454.0_372.0,0.048942585
3474.0_412.0,0.0487857
3479.0_317.0,0.048706863
3519.0_362.0,0.04867062
3529.0_327.0,0.048406135
3534.0_287.0,0.048061244
3479.0_392.0,0.04799198
3464.0_312.0,0.047890417
3489.0_357.0,0.047882613
3524.0_367.0,0.047820218
3479.0_347.0,0.047784906
3474.0_402.0,0.047727507
3544.0_427.0,0.047690623
3509.0_332.0,0.047433995
3539.0_367.0,0.047391158
3469.0_372.0,0.047340006
3539.0_332.0,0.047319185
3469.0_367.0,0.0473128
3494.0_352.0,0.047252364
3464.0_377.0,0.046980333
3484.0_302.0,0.04688335
3599.0_297.0,0.04680534
3499.0_362.0,0.046789344
3514.0_332.0,0.046757307
3464.0_337.0,0.04666249
3469.0_382.0,0.046590403
3514.0_302.0,0.046484634
3459.0_327.0,0.046313126
3499.0_327.0,0.04624641
3494.0_297.0,0.04609673
3504.0_402.0,0.045890372
3464.0_367.0,0.04577671
3539.0_317.0,0.045761924
3494.0_367.0,0.045695983
3564.0_317.0,0.04568143
3589.0_307.0,0.045477334
3499.0_332.0,0.045429915
3509.0_302.0,0.04537704
3469.0_332.0,0.04527846
3469.0_432.0,0.045056965
3514.0_337.0,0.04495482
3554.0_317.0,0.044916715
3499.0_302.0,0.044909384
3544.0_317.0,0.044868577
3509.0_412.0,0.04486396
3474.0_327.0,0.04485804
3534.0_302.0,0.044690773
3489.0_272.0,0.04454183
3469.0_357.0,0.04440692
3494.0_267.0,0.04412512
3474.0_387.0,0.044087768
3619.0_282.0,0.044072296
3484.0_382.0,0.044071626
3464.0_357.0,0.043962963
3489.0_302.0,0.043883454
3474.0_437.0,0.04374652
3484.0_387.0,0.04371915
3514.0_327.0,0.04362505
3559.0_342.0,0.043472577
3469.0_337.0,0.04335939
3609.0_217.0,0.043303132
3499.0_307.0,0.043262184
3504.0_327.0,0.0430925
3499.0_392.0,0.04303339
3544.0_312.0,0.04297517
3499.0_277.0,0.042954903
3514.0_357.0,0.042930145
3499.0_412.0,0.042699482
3474.0_317.0,0.042687394
3469.0_387.0,0.04268556
3514.0_282.0,0.042680494
3494.0_357.0,0.042611025
3524.0_297.0,0.04248442
3464.0_342.0,0.042435594
3534.0_332.0,0.042421628
3504.0_322.0,0.042370975
3539.0_257.0,0.04220124
3519.0_337.0,0.041879103
3514.0_382.0,0.04175044
3479.0_292.0,0.04173911
3454.0_362.0,0.04154085
3544.0_207.0,0.0412828
3549.0_357.0,0.041070763
3474.0_322.0,0.04105394
3504.0_357.0,0.04102309
3504.0_342.0,0.040949848
3529.0_307.0,0.040894452
3539.0_207.0,0.040821224
3534.0_292.0,0.04067371
3489.0_347.0,0.04044281
3494.0_362.0,0.040350154
3499.0_262.0,0.040311664
3509.0_317.0,0.040282227
3534.0_327.0,0.040165514
3504.0_292.0,0.040090792
3474.0_417.0,0.040000815
3499.0_357.0,0.039925914
3464.0_417.0,0.039915014
3534.0_297.0,0.03984317
3599.0_242.0,0.039830405
3464.0_407.0,0.039757203
3464.0_397.0,0.03975249
3464.0_372.0,0.03973977
3519.0_312.0,0.039686244
3559.0_292.0,0.039653435
3504.0_282.0,0.039537657
3479.0_302.0,0.0394947
3474.0_407.0,0.03920359
3494.0_307.0,0.039028354
3514.0_377.0,0.038875557
3479.0_412.0,0.038800817
3539.0_312.0,0.03873632
3614.0_187.0,0.038646966
3479.0_352.0,0.03864043
3484.0_367.0,0.03852536
3529.0_287.0,0.038481124
3604.0_217.0,0.03843201
3544.0_242.0,0.038414173
3509.0_322.0,0.038306378
3524.0_372.0,0.037957095
3509.0_337.0,0.037937928
3494.0_282.0,0.037894946
3639.0_177.0,0.037835065
3524.0_327.0,0.037720166
3524.0_337.0,0.037575316
3604.0_312.0,0.037530884
3569.0_197.0,0.037525237
3469.0_407.0,0.0373497
3534.0_307.0,0.0373049
3459.0_382.0,0.03724724
3459.0_362.0,0.03712289
3489.0_307.0,0.036905196
3474.0_332.0,0.036859427
3514.0_312.0,0.036710925
3474.0_422.0,0.036710646
3539.0_352.0,0.036704913
3494.0_347.0,0.036383275
3514.0_342.0,0.036369752
3514.0_322.0,0.035977367
3639.0_137.0,0.03553831
3554.0_267.0,0.035433784
3469.0_392.0,0.035380743
3464.0_382.0,0.035209153
3514.0_292.0,0.035023883
3499.0_287.0,0.034974344
3539.0_307.0,0.034911215
3489.0_282.0,0.03445811
3509.0_307.0,0.034444913
3509.0_352.0,0.033864614
3464.0_347.0,0.033831984
3494.0_337.0,0.033819426
3534.0_312.0,0.03372126
3494.0_342.0,0.03350765
3624.0_152.0,0.033486903
3519.0_327.0,0.033389363
3614.0_292.0,0.033299867
3504.0_412.0,0.033212636
3529.0_312.0,0.03301186
3579.0_382.0,0.0329842
3524.0_317.0,0.032864686
3504.0_307.0,0.032843992
3494.0_332.0,0.032781884
3619.0_182.0,0.03262117
3499.0_282.0,0.032087516
3639.0_182.0,0.031808984
3524.0_307.0,0.031806957
3504.0_337.0,0.03173432
3519.0_317.0,0.031661104
3519.0_287.0,0.031648375
3524.0_322.0,0.031507287
3494.0_292.0,0.031167984
3499.0_342.0,0.030911742
3519.0_292.0,0.030683085
3514.0_317.0,0.030634485
3504.0_347.0,0.030453274
3494.0_287.0,0.030392919
3499.0_347.0,0.029822279
3544.0_352.0,0.02943291
3484.0_267.0,0.029366102
3514.0_307.0,0.029134385
3539.0_277.0,0.028965645
3554.0_312.0,0.028954584
3529.0_267.0,0.0282433
3479.0_282.0,0.027959278
3519.0_322.0,0.02787111
3524.0_332.0,0.026808292
3509.0_347.0,0.026734848
3549.0_322.0,0.026719308
3524.0_287.0,0.026612956
3509.0_292.0,0.025880303
3494.0_302.0,0.025839541
3519.0_297.0,0.025838586
3499.0_337.0,0.025366878
3509.0_287.0,0.02526963
3509.0_297.0,0.024950802
3509.0_282.0,0.024783945
3504.0_297.0,0.024559364
3584.0_382.0,0.024342462
3519.0_307.0,0.023805924
3549.0_317.0,0.02285897
3499.0_297.0,0.022407819
3499.0_292.0,0.02194197
3589.0_407.0,0.016365977
3584.0_387.0,0.014425518
3564.0_312.0,0.0139735695
3539.0_322.0,0.012708473
3619.0_287.0,0.011343116
3609.0_197.0,0.010226738
3569.0_312.0,0.009502781
3609.0_307.0,0.006397198
3624.0_257.0,0.0051312894
